"","CompositeCommonName","scientific_name"
"1","white croaker","Genyonemus lineatus"
"2","white croaker","Genyonemus lineatus"
"3","spotted sand bass","Paralabrax maculatofasciatus"
"4","shiner surfperch","Cymatogaster aggregata"
"5","shiner surfperch","Cymatogaster aggregata"
"6","spotted sand bass","Paralabrax maculatofasciatus"
"7","walleye surfperch","Hyperprosopon argenteum"
"8","barred surfperch","Amphistichus argenteus"
"9","barred surfperch","Amphistichus argenteus"
"10","queenfish","Seriphus politus"
"11","diamond turbot","Pleuronichthys guttulatus"
"12","quillback rockfish","Sebastes maliger"
"13","kelp bass","Paralabrax clathratus"
"14","black perch","Embiotica jacksoni"
"15","kelp bass","Paralabrax clathratus"
"16","shiner surfperch","Cymatogaster aggregata"
"17","rainbow surfperch","Hypsurus caryi"
"18","shiner surfperch","Cymatogaster aggregata"
"19","spotted sand bass","Paralabrax maculatofasciatus"
"20","spotted sand bass","Paralabrax maculatofasciatus"
"21","yellowfin croaker","Umbrina roncador"
"22","spotted sand bass","Paralabrax maculatofasciatus"
"23","rosy rockfish","Sebastes helvomaculatus"
"24","canary rockfish","Sebastes pinniger"
"25","shiner surfperch","Cymatogaster aggregata"
"26","spotted sand bass","Paralabrax maculatofasciatus"
"27","shiner surfperch","Cymatogaster aggregata"
"28","spotted sand bass","Paralabrax maculatofasciatus"
"29","shiner surfperch","Cymatogaster aggregata"
"30","rainbow surfperch","Hypsurus caryi"
"31","spotted sand bass","Paralabrax maculatofasciatus"
"32","rainbow surfperch","Hypsurus caryi"
"33","opaleye","Girella nigricans"
"34","kelp bass","Paralabrax clathratus"
"35","rainbow surfperch","Hypsurus caryi"
"36","black perch","Embiotica jacksoni"
"37","pile surfperch","Phanerodon vacca"
"38","kelp bass","Paralabrax clathratus"
"39","spotted sand bass","Paralabrax maculatofasciatus"
"40","rainbow surfperch","Hypsurus caryi"
"41","shiner surfperch","Cymatogaster aggregata"
"42","barred surfperch","Amphistichus argenteus"
"43","diamond turbot","Pleuronichthys guttulatus"
"44","yellowfin croaker","Umbrina roncador"
"45","opaleye","Girella nigricans"
"46","barred sand bass","Paralabrax nebulifer"
"47","kelp bass","Paralabrax clathratus"
"48","yellowfin croaker","Umbrina roncador"
"49","kelp bass","Paralabrax clathratus"
"50","yellowfin croaker","Umbrina roncador"
"51","shiner surfperch","Cymatogaster aggregata"
"52","diamond turbot","Pleuronichthys guttulatus"
"53","kelp bass","Paralabrax clathratus"
"54","rainbow surfperch","Hypsurus caryi"
"55","diamond turbot","Pleuronichthys guttulatus"
"56","barred surfperch","Amphistichus argenteus"
"57","barred surfperch","Amphistichus argenteus"
"58","white croaker","Genyonemus lineatus"
"59","barred surfperch","Amphistichus argenteus"
"60","california corbina","Menticirrhus undulatus"
"61","california corbina","Menticirrhus undulatus"
"62","white croaker","Genyonemus lineatus"
"63","white surfperch","Phanerodon furcatus"
"64","california corbina","Menticirrhus undulatus"
"65","california halibut","Paralichthys californicus"
"66","diamond turbot","Pleuronichthys guttulatus"
"67","california corbina","Menticirrhus undulatus"
"68","yellowtail rockfish","Sebastes flavidus"
"69","jacksmelt","Atherinopsis californiensis"
"70","barred surfperch","Amphistichus argenteus"
"71","california corbina","Menticirrhus undulatus"
"72","black perch","Embiotica jacksoni"
"73","black perch","Embiotica jacksoni"
"74","black perch","Embiotica jacksoni"
"75","black perch","Embiotica jacksoni"
"76","black perch","Embiotica jacksoni"
"77","black perch","Embiotica jacksoni"
"78","black perch","Embiotica jacksoni"
"79","black perch","Embiotica jacksoni"
"80","opaleye","Girella nigricans"
"81","barred surfperch","Amphistichus argenteus"
"82","barred surfperch","Amphistichus argenteus"
"83","california corbina","Menticirrhus undulatus"
"84","white croaker","Genyonemus lineatus"
"85","white croaker","Genyonemus lineatus"
"86","striped mullet","Mugil cephalus"
"87","barred surfperch","Amphistichus argenteus"
"88","california corbina","Menticirrhus undulatus"
"89","diamond turbot","Pleuronichthys guttulatus"
"90","california corbina","Menticirrhus undulatus"
"91","top smelt","Atherinops affinis"
"92","barred surfperch","Amphistichus argenteus"
"93","pile surfperch","Phanerodon vacca"
"94","pile surfperch","Phanerodon vacca"
"95","shiner surfperch","Cymatogaster aggregata"
"96","shiner surfperch","Cymatogaster aggregata"
"97","barred surfperch","Amphistichus argenteus"
"98","california corbina","Menticirrhus undulatus"
"99","barred surfperch","Amphistichus argenteus"
"100","california corbina","Menticirrhus undulatus"
"101","california corbina","Menticirrhus undulatus"
"102","spotted turbot","Pleuronichthys ritteri"
"103","pile surfperch","Phanerodon vacca"
"104","opaleye","Girella nigricans"
"105","black perch","Embiotica jacksoni"
"106","black perch","Embiotica jacksoni"
"107","white croaker","Genyonemus lineatus"
"108","white croaker","Genyonemus lineatus"
"109","california corbina","Menticirrhus undulatus"
"110","black perch","Embiotica jacksoni"
"111","black perch","Embiotica jacksoni"
"112","black perch","Embiotica jacksoni"
"113","shiner surfperch","Cymatogaster aggregata"
"114","shiner surfperch","Cymatogaster aggregata"
"115","shiner surfperch","Cymatogaster aggregata"
"116","top smelt","Atherinops affinis"
"117","top smelt","Atherinops affinis"
"118","top smelt","Atherinops affinis"
"119","yellowfin croaker","Umbrina roncador"
"120","black perch","Embiotica jacksoni"
"121","black perch","Embiotica jacksoni"
"122","kelp bass","Paralabrax clathratus"
"123","kelp bass","Paralabrax clathratus"
"124","spotted sand bass","Paralabrax maculatofasciatus"
"125","barred sand bass","Paralabrax nebulifer"
"126","barred sand bass","Paralabrax nebulifer"
"127","barred sand bass","Paralabrax nebulifer"
"128","chub mackerel","Scomber japonicus"
"129","opaleye","Girella nigricans"
"130","spotted turbot","Pleuronichthys ritteri"
"131","california lizardfish","Synodus lucioceps"
"132","california lizardfish","Synodus lucioceps"
"133","barred sand bass","Paralabrax nebulifer"
"134","gray smoothhound shark","Mustelus californicus"
"135","chub mackerel","Scomber japonicus"
"136","shovelnose guitarfish","Rhinobatos productus"
"137","shovelnose guitarfish","Rhinobatos productus"
"138","leopard shark","Triakis semifasciata"
"139","california halibut","Paralichthys californicus"
"140","barred sand bass","Paralabrax nebulifer"
"141","california lizardfish","Synodus lucioceps"
"142","kelp bass","Paralabrax clathratus"
"143","chub mackerel","Scomber japonicus"
"144","shovelnose guitarfish","Rhinobatos productus"
"145","yellowfin croaker","Umbrina roncador"
"146","yellowfin croaker","Umbrina roncador"
"147","yellowfin croaker","Umbrina roncador"
"148","brown smooth-hound shark","Mustelus henlei"
"149","yellowfin croaker","Umbrina roncador"
"150","shiner surfperch","Cymatogaster aggregata"
"151","shiner surfperch","Cymatogaster aggregata"
"152","shiner surfperch","Cymatogaster aggregata"
"153","black perch","Embiotica jacksoni"
"154","spotted sand bass","Paralabrax maculatofasciatus"
"155","spotted sand bass","Paralabrax maculatofasciatus"
"156","striped mullet","Mugil cephalus"
"157","striped mullet","Mugil cephalus"
"158","striped mullet","Mugil cephalus"
"159","spotted sand bass","Paralabrax maculatofasciatus"
"160","spotted turbot","Pleuronichthys ritteri"
"161","diamond turbot","Pleuronichthys guttulatus"
"162","opaleye","Girella nigricans"
"163","opaleye","Girella nigricans"
"164","opaleye","Girella nigricans"
"165","chub mackerel","Scomber japonicus"
"166","longfin sanddab","Citharichthys xanthostigma"
"167","chub mackerel","Scomber japonicus"
"168","white croaker","Genyonemus lineatus"
"169","longfin sanddab","Citharichthys xanthostigma"
"170","white croaker","Genyonemus lineatus"
"171","white croaker","Genyonemus lineatus"
"172","kelp bass","Paralabrax clathratus"
"173","opaleye","Girella nigricans"
"174","halfmoon","Medialuna californiensis"
"175","gray smoothhound shark","Mustelus californicus"
"176","barred sand bass","Paralabrax nebulifer"
"177","black perch","Embiotica jacksoni"
"178","opaleye","Girella nigricans"
"179","longfin sanddab","Citharichthys xanthostigma"
"180","pacific sardine","Sardinops sagax"
"181","diamond turbot","Pleuronichthys guttulatus"
"182","shiner surfperch","Cymatogaster aggregata"
"183","speckled sanddab","Citharichthys stigmaeus"
"184","leopard shark","Triakis semifasciata"
"185","spotfin croaker","Roncador stearnsii"
"186","barred surfperch","Amphistichus argenteus"
"187","barred surfperch","Amphistichus argenteus"
"188","california corbina","Menticirrhus undulatus"
"189","spotted sand bass","Paralabrax maculatofasciatus"
"190","spotted sand bass","Paralabrax maculatofasciatus"
"191","spotted sand bass","Paralabrax maculatofasciatus"
"192","barred sand bass","Paralabrax nebulifer"
"193","black perch","Embiotica jacksoni"
"194","california sheephead","Semicossyphus pulcher"
"195","kelp bass","Paralabrax clathratus"
"196","spotted sand bass","Paralabrax maculatofasciatus"
"197","walleye surfperch","Hyperprosopon argenteum"
"198","yellowfin croaker","Umbrina roncador"
"199","barred surfperch","Amphistichus argenteus"
"200","walleye surfperch","Hyperprosopon argenteum"
"201","queenfish","Seriphus politus"
"202","diamond turbot","Pleuronichthys guttulatus"
"203","diamond turbot","Pleuronichthys guttulatus"
"204","california sheephead","Semicossyphus pulcher"
"205","kelp bass","Paralabrax clathratus"
"206","california scorpionfish","Scorpaena guttata"
"207","spotted turbot","Pleuronichthys ritteri"
"208","spotted sand bass","Paralabrax maculatofasciatus"
"209","white croaker","Genyonemus lineatus"
"210","yellowfin croaker","Umbrina roncador"
"211","white croaker","Genyonemus lineatus"
"212","barred surfperch","Amphistichus argenteus"
"213","shiner surfperch","Cymatogaster aggregata"
"214","diamond turbot","Pleuronichthys guttulatus"
"215","black perch","Embiotica jacksoni"
"216","yellowfin croaker","Umbrina roncador"
"217","diamond turbot","Pleuronichthys guttulatus"
"218","diamond turbot","Pleuronichthys guttulatus"
"219","spotted turbot","Pleuronichthys ritteri"
"220","walleye surfperch","Hyperprosopon argenteum"
"221","ocean whitefish","Caulolatilus princeps"
"222","shiner surfperch","Cymatogaster aggregata"
"223","shiner surfperch","Cymatogaster aggregata"
"224","fantail sole","Xystreurys liolepis"
"225","shiner surfperch","Cymatogaster aggregata"
"226","opaleye","Girella nigricans"
"227","white croaker","Genyonemus lineatus"
"228","opaleye","Girella nigricans"
"229","california corbina","Menticirrhus undulatus"
"230","california corbina","Menticirrhus undulatus"
"231","barred surfperch","Amphistichus argenteus"
"232","california corbina","Menticirrhus undulatus"
"233","barred surfperch","Amphistichus argenteus"
"234","barred surfperch","Amphistichus argenteus"
"235","california corbina","Menticirrhus undulatus"
"236","barred surfperch","Amphistichus argenteus"
"237","california corbina","Menticirrhus undulatus"
"238","yellowfin croaker","Umbrina roncador"
"239","california corbina","Menticirrhus undulatus"
"240","yellowfin croaker","Umbrina roncador"
"241","california corbina","Menticirrhus undulatus"
"242","barred surfperch","Amphistichus argenteus"
"243","white croaker","Genyonemus lineatus"
"244","white croaker","Genyonemus lineatus"
"245","white surfperch","Phanerodon furcatus"
"246","rainbow surfperch","Hypsurus caryi"
"247","rainbow surfperch","Hypsurus caryi"
"248","rainbow surfperch","Hypsurus caryi"
"249","spotted turbot","Pleuronichthys ritteri"
"250","diamond turbot","Pleuronichthys guttulatus"
"251","california sheephead","Semicossyphus pulcher"
"252","opaleye","Girella nigricans"
"253","halfmoon","Medialuna californiensis"
"254","kelp bass","Paralabrax clathratus"
"255","black perch","Embiotica jacksoni"
"256","opaleye","Girella nigricans"
"257","yellowfin croaker","Umbrina roncador"
"258","white croaker","Genyonemus lineatus"
"259","white croaker","Genyonemus lineatus"
"260","white croaker","Genyonemus lineatus"
"261","spotted turbot","Pleuronichthys ritteri"
"262","queenfish","Seriphus politus"
"263","yellowfin croaker","Umbrina roncador"
"264","black perch","Embiotica jacksoni"
"265","shiner surfperch","Cymatogaster aggregata"
"266","yellowfin croaker","Umbrina roncador"
"267","spotted turbot","Pleuronichthys ritteri"
"268","shiner surfperch","Cymatogaster aggregata"
"269","spotted turbot","Pleuronichthys ritteri"
"270","black perch","Embiotica jacksoni"
"271","shiner surfperch","Cymatogaster aggregata"
"272","opaleye","Girella nigricans"
"273","barred surfperch","Amphistichus argenteus"
"274","speckled sanddab","Citharichthys stigmaeus"
"275","fantail sole","Xystreurys liolepis"
"276","speckled sanddab","Citharichthys stigmaeus"
"277","yellowfin croaker","Umbrina roncador"
"278","barred surfperch","Amphistichus argenteus"
"279","shiner surfperch","Cymatogaster aggregata"
"280","diamond turbot","Pleuronichthys guttulatus"
"281","white croaker","Genyonemus lineatus"
"282","white croaker","Genyonemus lineatus"
"283","white croaker","Genyonemus lineatus"
"284","white croaker","Genyonemus lineatus"
"285","california corbina","Menticirrhus undulatus"
"286","barred surfperch","Amphistichus argenteus"
"287","blue rockfish","Sebastes mystinus"
"288","rosy rockfish","Sebastes helvomaculatus"
"289","spotted sand bass","Paralabrax maculatofasciatus"
"290","diamond turbot","Pleuronichthys guttulatus"
"291","barred surfperch","Amphistichus argenteus"
"292","queenfish","Seriphus politus"
"293","white croaker","Genyonemus lineatus"
"294","queenfish","Seriphus politus"
"295","walleye surfperch","Hyperprosopon argenteum"
"296","white croaker","Genyonemus lineatus"
"297","barred surfperch","Amphistichus argenteus"
"298","shiner surfperch","Cymatogaster aggregata"
"299","white croaker","Genyonemus lineatus"
"300","barred surfperch","Amphistichus argenteus"
"301","kelp bass","Paralabrax clathratus"
"302","opaleye","Girella nigricans"
"303","halfmoon","Medialuna californiensis"
"304","hornyhead turbot","Pleuronichthys verticalis"
"305","white croaker","Genyonemus lineatus"
"306","hornyhead turbot","Pleuronichthys verticalis"
"307","white croaker","Genyonemus lineatus"
"308","hornyhead turbot","Pleuronichthys verticalis"
"309","white croaker","Genyonemus lineatus"
"310","black perch","Embiotica jacksoni"
"311","barred sand bass","Paralabrax nebulifer"
"312","california scorpionfish","Scorpaena guttata"
"313","hornyhead turbot","Pleuronichthys verticalis"
"314","kelp bass","Paralabrax clathratus"
"315","white croaker","Genyonemus lineatus"
"316","white croaker","Genyonemus lineatus"
"317","black perch","Embiotica jacksoni"
"318","barred sand bass","Paralabrax nebulifer"
"319","california scorpionfish","Scorpaena guttata"
"320","hornyhead turbot","Pleuronichthys verticalis"
"321","kelp bass","Paralabrax clathratus"
"322","white croaker","Genyonemus lineatus"
"323","white croaker","Genyonemus lineatus"
"324","black perch","Embiotica jacksoni"
"325","barred sand bass","Paralabrax nebulifer"
"326","california scorpionfish","Scorpaena guttata"
"327","hornyhead turbot","Pleuronichthys verticalis"
"328","kelp bass","Paralabrax clathratus"
"329","white croaker","Genyonemus lineatus"
"330","white croaker","Genyonemus lineatus"
"331","hornyhead turbot","Pleuronichthys verticalis"
"332","white croaker","Genyonemus lineatus"
"333","hornyhead turbot","Pleuronichthys verticalis"
"334","white croaker","Genyonemus lineatus"
"335","hornyhead turbot","Pleuronichthys verticalis"
"336","white croaker","Genyonemus lineatus"
"337","black perch","Embiotica jacksoni"
"338","barred sand bass","Paralabrax nebulifer"
"339","california scorpionfish","Scorpaena guttata"
"340","hornyhead turbot","Pleuronichthys verticalis"
"341","kelp bass","Paralabrax clathratus"
"342","white croaker","Genyonemus lineatus"
"343","white croaker","Genyonemus lineatus"
"344","black perch","Embiotica jacksoni"
"345","barred sand bass","Paralabrax nebulifer"
"346","california scorpionfish","Scorpaena guttata"
"347","hornyhead turbot","Pleuronichthys verticalis"
"348","kelp bass","Paralabrax clathratus"
"349","white croaker","Genyonemus lineatus"
"350","white croaker","Genyonemus lineatus"
"351","black perch","Embiotica jacksoni"
"352","barred sand bass","Paralabrax nebulifer"
"353","california scorpionfish","Scorpaena guttata"
"354","hornyhead turbot","Pleuronichthys verticalis"
"355","kelp bass","Paralabrax clathratus"
"356","white croaker","Genyonemus lineatus"
"357","white croaker","Genyonemus lineatus"
"358","hornyhead turbot","Pleuronichthys verticalis"
"359","white croaker","Genyonemus lineatus"
"360","hornyhead turbot","Pleuronichthys verticalis"
"361","white croaker","Genyonemus lineatus"
"362","hornyhead turbot","Pleuronichthys verticalis"
"363","white croaker","Genyonemus lineatus"
"364","black perch","Embiotica jacksoni"
"365","barred sand bass","Paralabrax nebulifer"
"366","kelp bass","Paralabrax clathratus"
"367","vermilion rockfish","Sebastes miniatus"
"368","white croaker","Genyonemus lineatus"
"369","black perch","Embiotica jacksoni"
"370","barred sand bass","Paralabrax nebulifer"
"371","kelp bass","Paralabrax clathratus"
"372","vermilion rockfish","Sebastes miniatus"
"373","white croaker","Genyonemus lineatus"
"374","black perch","Embiotica jacksoni"
"375","barred sand bass","Paralabrax nebulifer"
"376","kelp bass","Paralabrax clathratus"
"377","vermilion rockfish","Sebastes miniatus"
"378","white croaker","Genyonemus lineatus"
"379","hornyhead turbot","Pleuronichthys verticalis"
"380","white croaker","Genyonemus lineatus"
"381","hornyhead turbot","Pleuronichthys verticalis"
"382","white croaker","Genyonemus lineatus"
"383","hornyhead turbot","Pleuronichthys verticalis"
"384","white croaker","Genyonemus lineatus"
"385","hornyhead turbot","Pleuronichthys verticalis"
"386","white croaker","Genyonemus lineatus"
"387","hornyhead turbot","Pleuronichthys verticalis"
"388","white croaker","Genyonemus lineatus"
"389","hornyhead turbot","Pleuronichthys verticalis"
"390","white croaker","Genyonemus lineatus"
"391","black perch","Embiotica jacksoni"
"392","barred sand bass","Paralabrax nebulifer"
"393","kelp bass","Paralabrax clathratus"
"394","vermilion rockfish","Sebastes miniatus"
"395","white croaker","Genyonemus lineatus"
"396","black perch","Embiotica jacksoni"
"397","barred sand bass","Paralabrax nebulifer"
"398","kelp bass","Paralabrax clathratus"
"399","vermilion rockfish","Sebastes miniatus"
"400","white croaker","Genyonemus lineatus"
"401","black perch","Embiotica jacksoni"
"402","barred sand bass","Paralabrax nebulifer"
"403","kelp bass","Paralabrax clathratus"
"404","vermilion rockfish","Sebastes miniatus"
"405","white croaker","Genyonemus lineatus"
"406","hornyhead turbot","Pleuronichthys verticalis"
"407","white croaker","Genyonemus lineatus"
"408","hornyhead turbot","Pleuronichthys verticalis"
"409","white croaker","Genyonemus lineatus"
"410","hornyhead turbot","Pleuronichthys verticalis"
"411","white croaker","Genyonemus lineatus"
"412","hornyhead turbot","Pleuronichthys verticalis"
"413","white croaker","Genyonemus lineatus"
"414","hornyhead turbot","Pleuronichthys verticalis"
"415","white croaker","Genyonemus lineatus"
"416","hornyhead turbot","Pleuronichthys verticalis"
"417","white croaker","Genyonemus lineatus"
"418","black perch","Embiotica jacksoni"
"419","kelp bass","Paralabrax clathratus"
"420","vermilion rockfish","Sebastes miniatus"
"421","black perch","Embiotica jacksoni"
"422","kelp bass","Paralabrax clathratus"
"423","vermilion rockfish","Sebastes miniatus"
"424","black perch","Embiotica jacksoni"
"425","kelp bass","Paralabrax clathratus"
"426","vermilion rockfish","Sebastes miniatus"
"427","hornyhead turbot","Pleuronichthys verticalis"
"428","hornyhead turbot","Pleuronichthys verticalis"
"429","hornyhead turbot","Pleuronichthys verticalis"
"430","hornyhead turbot","Pleuronichthys verticalis"
"431","white croaker","Genyonemus lineatus"
"432","hornyhead turbot","Pleuronichthys verticalis"
"433","white croaker","Genyonemus lineatus"
"434","hornyhead turbot","Pleuronichthys verticalis"
"435","white croaker","Genyonemus lineatus"
"436","black perch","Embiotica jacksoni"
"437","kelp bass","Paralabrax clathratus"
"438","vermilion rockfish","Sebastes miniatus"
"439","white croaker","Genyonemus lineatus"
"440","black perch","Embiotica jacksoni"
"441","kelp bass","Paralabrax clathratus"
"442","vermilion rockfish","Sebastes miniatus"
"443","white croaker","Genyonemus lineatus"
"444","black perch","Embiotica jacksoni"
"445","kelp bass","Paralabrax clathratus"
"446","vermilion rockfish","Sebastes miniatus"
"447","white croaker","Genyonemus lineatus"
"448","hornyhead turbot","Pleuronichthys verticalis"
"449","white croaker","Genyonemus lineatus"
"450","hornyhead turbot","Pleuronichthys verticalis"
"451","white croaker","Genyonemus lineatus"
"452","hornyhead turbot","Pleuronichthys verticalis"
"453","white croaker","Genyonemus lineatus"
"454","hornyhead turbot","Pleuronichthys verticalis"
"455","white croaker","Genyonemus lineatus"
"456","hornyhead turbot","Pleuronichthys verticalis"
"457","white croaker","Genyonemus lineatus"
"458","hornyhead turbot","Pleuronichthys verticalis"
"459","white croaker","Genyonemus lineatus"
"460","black perch","Embiotica jacksoni"
"461","barred sand bass","Paralabrax nebulifer"
"462","kelp bass","Paralabrax clathratus"
"463","vermilion rockfish","Sebastes miniatus"
"464","white croaker","Genyonemus lineatus"
"465","black perch","Embiotica jacksoni"
"466","barred sand bass","Paralabrax nebulifer"
"467","kelp bass","Paralabrax clathratus"
"468","vermilion rockfish","Sebastes miniatus"
"469","white croaker","Genyonemus lineatus"
"470","black perch","Embiotica jacksoni"
"471","barred sand bass","Paralabrax nebulifer"
"472","kelp bass","Paralabrax clathratus"
"473","vermilion rockfish","Sebastes miniatus"
"474","white croaker","Genyonemus lineatus"
"475","hornyhead turbot","Pleuronichthys verticalis"
"476","white croaker","Genyonemus lineatus"
"477","hornyhead turbot","Pleuronichthys verticalis"
"478","white croaker","Genyonemus lineatus"
"479","hornyhead turbot","Pleuronichthys verticalis"
"480","white croaker","Genyonemus lineatus"
"481","black perch","Embiotica jacksoni"
"482","barred sand bass","Paralabrax nebulifer"
"483","california scorpionfish","Scorpaena guttata"
"484","kelp bass","Paralabrax clathratus"
"485","white croaker","Genyonemus lineatus"
"486","black perch","Embiotica jacksoni"
"487","barred sand bass","Paralabrax nebulifer"
"488","california scorpionfish","Scorpaena guttata"
"489","kelp bass","Paralabrax clathratus"
"490","white croaker","Genyonemus lineatus"
"491","black perch","Embiotica jacksoni"
"492","barred sand bass","Paralabrax nebulifer"
"493","california scorpionfish","Scorpaena guttata"
"494","kelp bass","Paralabrax clathratus"
"495","white croaker","Genyonemus lineatus"
"496","hornyhead turbot","Pleuronichthys verticalis"
"497","white croaker","Genyonemus lineatus"
"498","hornyhead turbot","Pleuronichthys verticalis"
"499","white croaker","Genyonemus lineatus"
"500","hornyhead turbot","Pleuronichthys verticalis"
"501","white croaker","Genyonemus lineatus"
"502","hornyhead turbot","Pleuronichthys verticalis"
"503","white croaker","Genyonemus lineatus"
"504","hornyhead turbot","Pleuronichthys verticalis"
"505","white croaker","Genyonemus lineatus"
"506","hornyhead turbot","Pleuronichthys verticalis"
"507","white croaker","Genyonemus lineatus"
"508","black perch","Embiotica jacksoni"
"509","chub mackerel","Scomber japonicus"
"510","kelp bass","Paralabrax clathratus"
"511","olive rockfish","Sebastes serranoides"
"512","white croaker","Genyonemus lineatus"
"513","blue rockfish","Sebastes mystinus"
"514","brown rockfish","Sebastes auriculatus"
"515","chub mackerel","Scomber japonicus"
"516","gopher rockfish","Sebastes carnatus"
"517","kelp bass","Paralabrax clathratus"
"518","white croaker","Genyonemus lineatus"
"519","white surfperch","Phanerodon furcatus"
"520","black perch","Embiotica jacksoni"
"521","brown rockfish","Sebastes auriculatus"
"522","kelp rockfish","Sebastes atrovirens"
"523","kelp bass","Paralabrax clathratus"
"524","barred surfperch","Amphistichus argenteus"
"525","white croaker","Genyonemus lineatus"
"526","shiner surfperch","Cymatogaster aggregata"
"527","black perch","Embiotica jacksoni"
"528","chub mackerel","Scomber japonicus"
"529","gopher rockfish","Sebastes carnatus"
"530","kelp bass","Paralabrax clathratus"
"531","white croaker","Genyonemus lineatus"
"532","barred surfperch","Amphistichus argenteus"
"533","barred sand bass","Paralabrax nebulifer"
"534","chub mackerel","Scomber japonicus"
"535","kelp bass","Paralabrax clathratus"
"536","white croaker","Genyonemus lineatus"
"537","chub mackerel","Scomber japonicus"
"538","black croaker","Cheilotrema saturnum"
"539","barred surfperch","Amphistichus argenteus"
"540","barred sand bass","Paralabrax nebulifer"
"541","chub mackerel","Scomber japonicus"
"542","kelp bass","Paralabrax clathratus"
"543","california scorpionfish","Scorpaena guttata"
"544","black perch","Embiotica jacksoni"
"545","brown rockfish","Sebastes auriculatus"
"546","barred sand bass","Paralabrax nebulifer"
"547","chub mackerel","Scomber japonicus"
"548","kelp bass","Paralabrax clathratus"
"549","chub mackerel","Scomber japonicus"
"550","black perch","Embiotica jacksoni"
"551","chub mackerel","Scomber japonicus"
"552","gopher rockfish","Sebastes carnatus"
"553","kelp bass","Paralabrax clathratus"
"554","white croaker","Genyonemus lineatus"
"555","pile surfperch","Phanerodon vacca"
"556","barred sand bass","Paralabrax nebulifer"
"557","brown smooth-hound shark","Mustelus henlei"
"558","chub mackerel","Scomber japonicus"
"559","white croaker","Genyonemus lineatus"
"560","yellowfin croaker","Umbrina roncador"
"561","top smelt","Atherinops affinis"
"562","california halibut","Paralichthys californicus"
"563","kelp bass","Paralabrax clathratus"
"564","black perch","Embiotica jacksoni"
"565","chub mackerel","Scomber japonicus"
"566","kelp bass","Paralabrax clathratus"
"567","rosy rockfish","Sebastes helvomaculatus"
"568","ocean whitefish","Caulolatilus princeps"
"569","black perch","Embiotica jacksoni"
"570","barred sand bass","Paralabrax nebulifer"
"571","spiny dogfish","Squalus acanthias"
"572","shiner surfperch","Cymatogaster aggregata"
"573","white surfperch","Phanerodon furcatus"
"574","barred sand bass","Paralabrax nebulifer"
"575","brown smooth-hound shark","Mustelus henlei"
"576","chub mackerel","Scomber japonicus"
"577","kelp bass","Paralabrax clathratus"
"578","white croaker","Genyonemus lineatus"
"579","black perch","Embiotica jacksoni"
"580","white croaker","Genyonemus lineatus"
"581","shiner surfperch","Cymatogaster aggregata"
"582","spotted sand bass","Paralabrax maculatofasciatus"
"583","diamond turbot","Pleuronichthys guttulatus"
"584","barred surfperch","Amphistichus argenteus"
"585","barred sand bass","Paralabrax nebulifer"
"586","brown smooth-hound shark","Mustelus henlei"
"587","chub mackerel","Scomber japonicus"
"588","kelp bass","Paralabrax clathratus"
"589","spotfin croaker","Roncador stearnsii"
"590","barred sand bass","Paralabrax nebulifer"
"591","chub mackerel","Scomber japonicus"
"592","kelp bass","Paralabrax clathratus"
"593","white croaker","Genyonemus lineatus"
"594","barred sand bass","Paralabrax nebulifer"
"595","chub mackerel","Scomber japonicus"
"596","kelp bass","Paralabrax clathratus"
"597","pacific barracuda","Sphyraena argentea"
"598","opaleye","Girella nigricans"
"599","white croaker","Genyonemus lineatus"
"600","spotfin croaker","Roncador stearnsii"
"601","shiner surfperch","Cymatogaster aggregata"
"602","top smelt","Atherinops affinis"
"603","white surfperch","Phanerodon furcatus"
"604","black perch","Embiotica jacksoni"
"605","barred sand bass","Paralabrax nebulifer"
"606","california corbina","Menticirrhus undulatus"
"607","shiner surfperch","Cymatogaster aggregata"
"608","spotted sand bass","Paralabrax maculatofasciatus"
"609","white surfperch","Phanerodon furcatus"
"610","yellowfin croaker","Umbrina roncador"
"611","white croaker","Genyonemus lineatus"
"612","yellowfin croaker","Umbrina roncador"
"613","queenfish","Seriphus politus"
"614","spotfin croaker","Roncador stearnsii"
"615","white surfperch","Phanerodon furcatus"
"616","barred sand bass","Paralabrax nebulifer"
"617","california halibut","Paralichthys californicus"
"618","shiner surfperch","Cymatogaster aggregata"
"619","spotted sand bass","Paralabrax maculatofasciatus"
"620","white surfperch","Phanerodon furcatus"
"621","barred sand bass","Paralabrax nebulifer"
"622","chub mackerel","Scomber japonicus"
"623","kelp bass","Paralabrax clathratus"
"624","white croaker","Genyonemus lineatus"
"625","chub mackerel","Scomber japonicus"
"626","gopher rockfish","Sebastes carnatus"
"627","kelp bass","Paralabrax clathratus"
"628","yellowtail rockfish","Sebastes flavidus"
"629","california corbina","Menticirrhus undulatus"
"630","yellowfin croaker","Umbrina roncador"
"631","shiner surfperch","Cymatogaster aggregata"
"632","spotted sand bass","Paralabrax maculatofasciatus"
"633","top smelt","Atherinops affinis"
"634","white surfperch","Phanerodon furcatus"
"635","shiner surfperch","Cymatogaster aggregata"
"636","spotted sand bass","Paralabrax maculatofasciatus"
"637","yellowfin croaker","Umbrina roncador"
"638","black perch","Embiotica jacksoni"
"639","barred sand bass","Paralabrax nebulifer"
"640","chub mackerel","Scomber japonicus"
"641","gopher rockfish","Sebastes carnatus"
"642","kelp bass","Paralabrax clathratus"
"643","white croaker","Genyonemus lineatus"
"644","california scorpionfish","Scorpaena guttata"
"645","chub mackerel","Scomber japonicus"
"646","kelp bass","Paralabrax clathratus"
"647","white croaker","Genyonemus lineatus"
"648","california scorpionfish","Scorpaena guttata"
"649","barred surfperch","Amphistichus argenteus"
"650","california corbina","Menticirrhus undulatus"
"651","gray smoothhound shark","Mustelus californicus"
"652","chub mackerel","Scomber japonicus"
"653","yellowfin croaker","Umbrina roncador"
"654","shiner surfperch","Cymatogaster aggregata"
"655","spotted sand bass","Paralabrax maculatofasciatus"
"656","black croaker","Cheilotrema saturnum"
"657","leopard shark","Triakis semifasciata"
"658","northern anchovy","Engraulis mordax"
"659","chub mackerel","Scomber japonicus"
"660","slough anchovy","Anchoa delicatissima"
"661","yellowfin croaker","Umbrina roncador"
"662","barred sand bass","Paralabrax nebulifer"
"663","gray smoothhound shark","Mustelus californicus"
"664","chub mackerel","Scomber japonicus"
"665","shiner surfperch","Cymatogaster aggregata"
"666","spotted sand bass","Paralabrax maculatofasciatus"
"667","black croaker","Cheilotrema saturnum"
"668","black perch","Embiotica jacksoni"
"669","barred sand bass","Paralabrax nebulifer"
"670","leopard shark","Triakis semifasciata"
"671","northern anchovy","Engraulis mordax"
"672","queenfish","Seriphus politus"
"673","slough anchovy","Anchoa delicatissima"
"674","kelp bass","Paralabrax clathratus"
"675","chub mackerel","Scomber japonicus"
"676","kelp bass","Paralabrax clathratus"
"677","chub mackerel","Scomber japonicus"
"678","white croaker","Genyonemus lineatus"
"679","yellowfin croaker","Umbrina roncador"
"680","kelp bass","Paralabrax clathratus"
"681","barred sand bass","Paralabrax nebulifer"
"682","kelp bass","Paralabrax clathratus"
"683","chub mackerel","Scomber japonicus"
"684","yellowfin croaker","Umbrina roncador"
"685","kelp bass","Paralabrax clathratus"
"686","chub mackerel","Scomber japonicus"
"687","white croaker","Genyonemus lineatus"
"688","yellowfin croaker","Umbrina roncador"
"689","kelp bass","Paralabrax clathratus"
"690","chub mackerel","Scomber japonicus"
"691","kelp bass","Paralabrax clathratus"
"692","chub mackerel","Scomber japonicus"
"693","kelp bass","Paralabrax clathratus"
"694","chub mackerel","Scomber japonicus"
"695","white croaker","Genyonemus lineatus"
"696","kelp bass","Paralabrax clathratus"
"697","white croaker","Genyonemus lineatus"
"698","barred sand bass","Paralabrax nebulifer"
"699","chub mackerel","Scomber japonicus"
"700","white croaker","Genyonemus lineatus"
"701","kelp bass","Paralabrax clathratus"
"702","chub mackerel","Scomber japonicus"
"703","spotted sand bass","Paralabrax maculatofasciatus"
"704","yellowfin croaker","Umbrina roncador"
"705","kelp bass","Paralabrax clathratus"
"706","chub mackerel","Scomber japonicus"
"707","spotted sand bass","Paralabrax maculatofasciatus"
"708","kelp bass","Paralabrax clathratus"
"709","chub mackerel","Scomber japonicus"
"710","kelp bass","Paralabrax clathratus"
"711","chub mackerel","Scomber japonicus"
"712","white croaker","Genyonemus lineatus"
"713","barred sand bass","Paralabrax nebulifer"
"714","spotfin croaker","Roncador stearnsii"
"715","spotted sand bass","Paralabrax maculatofasciatus"
"716","yellowfin croaker","Umbrina roncador"
"717","kelp bass","Paralabrax clathratus"
"718","chub mackerel","Scomber japonicus"
"719","yellowfin croaker","Umbrina roncador"
"720","barred sand bass","Paralabrax nebulifer"
"721","kelp bass","Paralabrax clathratus"
"722","chub mackerel","Scomber japonicus"
"723","spotted sand bass","Paralabrax maculatofasciatus"
"724","white surfperch","Phanerodon furcatus"
"725","yellowfin croaker","Umbrina roncador"
"726","kelp bass","Paralabrax clathratus"
"727","white croaker","Genyonemus lineatus"
"728","barred sand bass","Paralabrax nebulifer"
"729","northern anchovy","Engraulis mordax"
"730","slough anchovy","Anchoa delicatissima"
"731","spotted sand bass","Paralabrax maculatofasciatus"
"732","barred sand bass","Paralabrax nebulifer"
"733","kelp bass","Paralabrax clathratus"
"734","northern anchovy","Engraulis mordax"
"735","chub mackerel","Scomber japonicus"
"736","queenfish","Seriphus politus"
"737","spotted sand bass","Paralabrax maculatofasciatus"
"738","kelp bass","Paralabrax clathratus"
"739","chub mackerel","Scomber japonicus"
"740","kelp bass","Paralabrax clathratus"
"741","chub mackerel","Scomber japonicus"
"742","white croaker","Genyonemus lineatus"
"743","yellowfin croaker","Umbrina roncador"
"744","kelp bass","Paralabrax clathratus"
"745","kelp bass","Paralabrax clathratus"
"746","chub mackerel","Scomber japonicus"
"747","yellowfin croaker","Umbrina roncador"
"748","kelp bass","Paralabrax clathratus"
"749","chub mackerel","Scomber japonicus"
"750","white croaker","Genyonemus lineatus"
"751","yellowfin croaker","Umbrina roncador"
"752","kelp bass","Paralabrax clathratus"
"753","chub mackerel","Scomber japonicus"
"754","kelp bass","Paralabrax clathratus"
"755","chub mackerel","Scomber japonicus"
"756","kelp bass","Paralabrax clathratus"
"757","chub mackerel","Scomber japonicus"
"758","white croaker","Genyonemus lineatus"
"759","kelp bass","Paralabrax clathratus"
"760","chub mackerel","Scomber japonicus"
"761","white croaker","Genyonemus lineatus"
"762","kelp bass","Paralabrax clathratus"
"763","chub mackerel","Scomber japonicus"
"764","spotted sand bass","Paralabrax maculatofasciatus"
"765","yellowfin croaker","Umbrina roncador"
"766","kelp bass","Paralabrax clathratus"
"767","chub mackerel","Scomber japonicus"
"768","kelp bass","Paralabrax clathratus"
"769","chub mackerel","Scomber japonicus"
"770","kelp bass","Paralabrax clathratus"
"771","chub mackerel","Scomber japonicus"
"772","white croaker","Genyonemus lineatus"
"773","barred sand bass","Paralabrax nebulifer"
"774","spotfin croaker","Roncador stearnsii"
"775","spotted sand bass","Paralabrax maculatofasciatus"
"776","kelp bass","Paralabrax clathratus"
"777","chub mackerel","Scomber japonicus"
"778","kelp bass","Paralabrax clathratus"
"779","chub mackerel","Scomber japonicus"
"780","spotted sand bass","Paralabrax maculatofasciatus"
"781","yellowfin croaker","Umbrina roncador"
"782","kelp bass","Paralabrax clathratus"
"783","barred sand bass","Paralabrax nebulifer"
"784","slough anchovy","Anchoa delicatissima"
"785","spotted sand bass","Paralabrax maculatofasciatus"
"786","kelp bass","Paralabrax clathratus"
"787","chub mackerel","Scomber japonicus"
"788","queenfish","Seriphus politus"
"789","spotted sand bass","Paralabrax maculatofasciatus"
"790","chub mackerel","Scomber japonicus"
"791","chub mackerel","Scomber japonicus"
"792","chub mackerel","Scomber japonicus"
"793","chub mackerel","Scomber japonicus"
"794","chub mackerel","Scomber japonicus"
"795","chub mackerel","Scomber japonicus"
"796","chub mackerel","Scomber japonicus"
"797","chub mackerel","Scomber japonicus"
"798","chub mackerel","Scomber japonicus"
"799","chub mackerel","Scomber japonicus"
"800","chub mackerel","Scomber japonicus"
"801","california corbina","Menticirrhus undulatus"
"802","california corbina","Menticirrhus undulatus"
"803","california halibut","Paralichthys californicus"
"804","california halibut","Paralichthys californicus"
"805","market squid","Doryteuthis opalescens"
"806","market squid","Doryteuthis opalescens"
"807","market squid","Doryteuthis opalescens"
"808","market squid","Doryteuthis opalescens"
"809","market squid","Doryteuthis opalescens"
"810","market squid","Doryteuthis opalescens"
"811","market squid","Doryteuthis opalescens"
"812","market squid","Doryteuthis opalescens"
"813","market squid","Doryteuthis opalescens"
"814","market squid","Doryteuthis opalescens"
"815","market squid","Doryteuthis opalescens"
"816","market squid","Doryteuthis opalescens"
"817","market squid","Doryteuthis opalescens"
"818","market squid","Doryteuthis opalescens"
"819","market squid","Doryteuthis opalescens"
"820","market squid","Doryteuthis opalescens"
"821","market squid","Doryteuthis opalescens"
"822","market squid","Doryteuthis opalescens"
"823","market squid","Doryteuthis opalescens"
"824","market squid","Doryteuthis opalescens"
"825","market squid","Doryteuthis opalescens"
"826","market squid","Doryteuthis opalescens"
"827","market squid","Doryteuthis opalescens"
"828","market squid","Doryteuthis opalescens"
"829","market squid","Doryteuthis opalescens"
"830","market squid","Doryteuthis opalescens"
"831","northern anchovy","Engraulis mordax"
"832","northern anchovy","Engraulis mordax"
"833","northern anchovy","Engraulis mordax"
"834","northern anchovy","Engraulis mordax"
"835","northern anchovy","Engraulis mordax"
"836","northern anchovy","Engraulis mordax"
"837","northern anchovy","Engraulis mordax"
"838","northern anchovy","Engraulis mordax"
"839","northern anchovy","Engraulis mordax"
"840","northern anchovy","Engraulis mordax"
"841","northern anchovy","Engraulis mordax"
"842","northern anchovy","Engraulis mordax"
"843","northern anchovy","Engraulis mordax"
"844","northern anchovy","Engraulis mordax"
"845","northern anchovy","Engraulis mordax"
"846","northern anchovy","Engraulis mordax"
"847","northern anchovy","Engraulis mordax"
"848","northern anchovy","Engraulis mordax"
"849","northern anchovy","Engraulis mordax"
"850","northern anchovy","Engraulis mordax"
"851","pacific sardine","Sardinops sagax"
"852","pacific sardine","Sardinops sagax"
"853","pacific sardine","Sardinops sagax"
"854","pacific sardine","Sardinops sagax"
"855","pacific sardine","Sardinops sagax"
"856","pacific sardine","Sardinops sagax"
"857","pacific sardine","Sardinops sagax"
"858","pacific sardine","Sardinops sagax"
"859","pacific sardine","Sardinops sagax"
"860","pacific sardine","Sardinops sagax"
"861","pacific sardine","Sardinops sagax"
"862","pacific sardine","Sardinops sagax"
"863","pacific sardine","Sardinops sagax"
"864","pacific sardine","Sardinops sagax"
"865","pacific sardine","Sardinops sagax"
"866","pacific sardine","Sardinops sagax"
"867","pacific sardine","Sardinops sagax"
"868","pacific sardine","Sardinops sagax"
"869","pacific sardine","Sardinops sagax"
"870","pacific sardine","Sardinops sagax"
"871","pacific sardine","Sardinops sagax"
"872","pacific sardine","Sardinops sagax"
"873","pacific sardine","Sardinops sagax"
"874","pacific sardine","Sardinops sagax"
"875","pacific sardine","Sardinops sagax"
"876","pacific sardine","Sardinops sagax"
"877","pacific sardine","Sardinops sagax"
"878","pacific sardine","Sardinops sagax"
"879","pacific sardine","Sardinops sagax"
"880","pacific sardine","Sardinops sagax"
"881","pacific sardine","Sardinops sagax"
"882","top smelt","Atherinops affinis"
"883","white croaker","Genyonemus lineatus"
"884","barred sand bass","Paralabrax nebulifer"
"885","kelp bass","Paralabrax clathratus"
"886","queenfish","Seriphus politus"
"887","white croaker","Genyonemus lineatus"
"888","queenfish","Seriphus politus"
"889","white croaker","Genyonemus lineatus"
"890","queenfish","Seriphus politus"
"891","white croaker","Genyonemus lineatus"
"892","california halibut","Paralichthys californicus"
"893","california scorpionfish","Scorpaena guttata"
"894","opaleye","Girella nigricans"
"895","top smelt","Atherinops affinis"
"896","white croaker","Genyonemus lineatus"
"897","yellowfin croaker","Umbrina roncador"
"898","california scorpionfish","Scorpaena guttata"
"899","white croaker","Genyonemus lineatus"
"900","barred sand bass","Paralabrax nebulifer"
"901","black croaker","Cheilotrema saturnum"
"902","california corbina","Menticirrhus undulatus"
"903","kelp bass","Paralabrax clathratus"
"904","opaleye","Girella nigricans"
"905","pacific sardine","Sardinops sagax"
"906","queenfish","Seriphus politus"
"907","white croaker","Genyonemus lineatus"
"908","barred sand bass","Paralabrax nebulifer"
"909","jacksmelt","Atherinopsis californiensis"
"910","opaleye","Girella nigricans"
"911","pacific sardine","Sardinops sagax"
"912","top smelt","Atherinops affinis"
"913","barred sand bass","Paralabrax nebulifer"
"914","barred sand bass","Paralabrax nebulifer"
"915","california scorpionfish","Scorpaena guttata"
"916","white croaker","Genyonemus lineatus"
"917","barred sand bass","Paralabrax nebulifer"
"918","california scorpionfish","Scorpaena guttata"
"919","california sheephead","Semicossyphus pulcher"
"920","kelp bass","Paralabrax clathratus"
"921","opaleye","Girella nigricans"
"922","pacific sardine","Sardinops sagax"
"923","queenfish","Seriphus politus"
"924","white croaker","Genyonemus lineatus"
"925","barred sand bass","Paralabrax nebulifer"
"926","california corbina","Menticirrhus undulatus"
"927","california halibut","Paralichthys californicus"
"928","california scorpionfish","Scorpaena guttata"
"929","jacksmelt","Atherinopsis californiensis"
"930","kelp bass","Paralabrax clathratus"
"931","pacific sardine","Sardinops sagax"
"932","queenfish","Seriphus politus"
"933","shovelnose guitarfish","Rhinobatos productus"
"934","top smelt","Atherinops affinis"
"935","white croaker","Genyonemus lineatus"
"936","barred sand bass","Paralabrax nebulifer"
"937","california halibut","Paralichthys californicus"
"938","kelp bass","Paralabrax clathratus"
"939","opaleye","Girella nigricans"
"940","queenfish","Seriphus politus"
"941","shovelnose guitarfish","Rhinobatos productus"
"942","white croaker","Genyonemus lineatus"
"943","california corbina","Menticirrhus undulatus"
"944","queenfish","Seriphus politus"
"945","shovelnose guitarfish","Rhinobatos productus"
"946","white croaker","Genyonemus lineatus"
"947","yellowfin croaker","Umbrina roncador"
"948","barred sand bass","Paralabrax nebulifer"
"949","california scorpionfish","Scorpaena guttata"
"950","kelp bass","Paralabrax clathratus"
"951","opaleye","Girella nigricans"
"952","white croaker","Genyonemus lineatus"
"953","yellowfin croaker","Umbrina roncador"
"954","barred sand bass","Paralabrax nebulifer"
"955","kelp bass","Paralabrax clathratus"
"956","white croaker","Genyonemus lineatus"
"957","california corbina","Menticirrhus undulatus"
"958","white croaker","Genyonemus lineatus"
"959","white croaker","Genyonemus lineatus"
"960","california scorpionfish","Scorpaena guttata"
"961","white croaker","Genyonemus lineatus"
"962","california scorpionfish","Scorpaena guttata"
"963","kelp bass","Paralabrax clathratus"
"964","pacific barracuda","Sphyraena argentea"
"965","white croaker","Genyonemus lineatus"
"966","pacific barracuda","Sphyraena argentea"
"967","barred sand bass","Paralabrax nebulifer"
"968","black croaker","Cheilotrema saturnum"
"969","california scorpionfish","Scorpaena guttata"
"970","kelp bass","Paralabrax clathratus"
"971","opaleye","Girella nigricans"
"972","white croaker","Genyonemus lineatus"
"973","copper rockfish","Sebastes caurinus"
"974","vermilion rockfish","Sebastes miniatus"
"975","vermilion rockfish","Sebastes miniatus"
"976","starry rockfish","Sebastes constellatus"
"977","copper rockfish","Sebastes caurinus"
"978","copper rockfish","Sebastes caurinus"
"979","flag rockfish","Sebastes rubrivinctus"
"980","vermilion rockfish","Sebastes miniatus"
"981","copper rockfish","Sebastes caurinus"
"982","vermilion rockfish","Sebastes miniatus"
"983","vermilion rockfish","Sebastes miniatus"
"984","vermilion rockfish","Sebastes miniatus"
"985","vermilion rockfish","Sebastes miniatus"
"986","copper rockfish","Sebastes caurinus"
"987","copper rockfish","Sebastes caurinus"
"988","greenspotted rockfish","Sebastes chlorostictus"
"989","speckled rockfish","Sebastes ovalis"
"990","squarespot rockfish","Sebastes hopkinsi"
"991","squarespot rockfish","Sebastes hopkinsi"
"992","copper rockfish","Sebastes caurinus"
"993","copper rockfish","Sebastes caurinus"
"994","copper rockfish","Sebastes caurinus"
"995","starry rockfish","Sebastes constellatus"
"996","yellowtail rockfish","Sebastes flavidus"
"997","yellowtail rockfish","Sebastes flavidus"
"998","copper rockfish","Sebastes caurinus"
"999","vermilion rockfish","Sebastes miniatus"
"1000","vermilion rockfish","Sebastes miniatus"
"1001","greenblotched rockfish","Sebastes rosenblatti"
"1002","greenblotched rockfish","Sebastes rosenblatti"
"1003","copper rockfish","Sebastes caurinus"
"1004","greenblotched rockfish","Sebastes rosenblatti"
"1005","vermilion rockfish","Sebastes miniatus"
"1006","vermilion rockfish","Sebastes miniatus"
"1007","copper rockfish","Sebastes caurinus"
"1008","vermilion rockfish","Sebastes miniatus"
"1009","vermilion rockfish","Sebastes miniatus"
"1010","vermilion rockfish","Sebastes miniatus"
"1011","california scorpionfish","Scorpaena guttata"
"1012","california scorpionfish","Scorpaena guttata"
"1013","california scorpionfish","Scorpaena guttata"
"1014","vermilion rockfish","Sebastes miniatus"
"1015","vermilion rockfish","Sebastes miniatus"
"1016","vermilion rockfish","Sebastes miniatus"
"1017","vermilion rockfish","Sebastes miniatus"
"1018","chilipepper rockfish","Sebastes goodei"
"1019","chilipepper rockfish","Sebastes goodei"
"1020","flag rockfish","Sebastes rubrivinctus"
"1021","copper rockfish","Sebastes caurinus"
"1022","vermilion rockfish","Sebastes miniatus"
"1023","greenspotted rockfish","Sebastes chlorostictus"
"1024","starry rockfish","Sebastes constellatus"
"1025","starry rockfish","Sebastes constellatus"
"1026","speckled rockfish","Sebastes ovalis"
"1027","speckled rockfish","Sebastes ovalis"
"1028","speckled rockfish","Sebastes ovalis"
"1029","copper rockfish","Sebastes caurinus"
"1030","vermilion rockfish","Sebastes miniatus"
"1031","vermilion rockfish","Sebastes miniatus"
"1032","speckled rockfish","Sebastes ovalis"
"1033","copper rockfish","Sebastes caurinus"
"1034","vermilion rockfish","Sebastes miniatus"
"1035","speckled rockfish","Sebastes ovalis"
"1036","speckled rockfish","Sebastes ovalis"
"1037","speckled rockfish","Sebastes ovalis"
"1038","vermilion rockfish","Sebastes miniatus"
"1039","vermilion rockfish","Sebastes miniatus"
"1040","speckled rockfish","Sebastes ovalis"
"1041","vermilion rockfish","Sebastes miniatus"
"1042","vermilion rockfish","Sebastes miniatus"
"1043","vermilion rockfish","Sebastes miniatus"
"1044","vermilion rockfish","Sebastes miniatus"
"1045","vermilion rockfish","Sebastes miniatus"
"1046","vermilion rockfish","Sebastes miniatus"
"1047","vermilion rockfish","Sebastes miniatus"
"1048","vermilion rockfish","Sebastes miniatus"
"1049","starry rockfish","Sebastes constellatus"
"1050","starry rockfish","Sebastes constellatus"
"1051","vermilion rockfish","Sebastes miniatus"
"1052","vermilion rockfish","Sebastes miniatus"
"1053","vermilion rockfish","Sebastes miniatus"
"1054","starry rockfish","Sebastes constellatus"
"1055","starry rockfish","Sebastes constellatus"
"1056","vermilion rockfish","Sebastes miniatus"
"1057","vermilion rockfish","Sebastes miniatus"
"1058","vermilion rockfish","Sebastes miniatus"
"1059","squarespot rockfish","Sebastes hopkinsi"
"1060","starry rockfish","Sebastes constellatus"
"1061","brown rockfish","Sebastes auriculatus"
"1062","vermilion rockfish","Sebastes miniatus"
"1063","vermilion rockfish","Sebastes miniatus"
"1064","brown rockfish","Sebastes auriculatus"
"1065","vermilion rockfish","Sebastes miniatus"
"1066","vermilion rockfish","Sebastes miniatus"
"1067","brown rockfish","Sebastes auriculatus"
"1068","brown rockfish","Sebastes auriculatus"
"1069","vermilion rockfish","Sebastes miniatus"
"1070","brown rockfish","Sebastes auriculatus"
"1071","vermilion rockfish","Sebastes miniatus"
"1072","vermilion rockfish","Sebastes miniatus"
"1073","brown rockfish","Sebastes auriculatus"
"1074","brown rockfish","Sebastes auriculatus"
"1075","vermilion rockfish","Sebastes miniatus"
"1076","brown rockfish","Sebastes auriculatus"
"1077","brown rockfish","Sebastes auriculatus"
"1078","brown rockfish","Sebastes auriculatus"
"1079","brown rockfish","Sebastes auriculatus"
"1080","brown rockfish","Sebastes auriculatus"
"1081","brown rockfish","Sebastes auriculatus"
"1082","brown rockfish","Sebastes auriculatus"
"1083","brown rockfish","Sebastes auriculatus"
"1084","brown rockfish","Sebastes auriculatus"
"1085","vermilion rockfish","Sebastes miniatus"
"1086","vermilion rockfish","Sebastes miniatus"
"1087","vermilion rockfish","Sebastes miniatus"
"1088","vermilion rockfish","Sebastes miniatus"
"1089","vermilion rockfish","Sebastes miniatus"
"1090","california scorpionfish","Scorpaena guttata"
"1091","vermilion rockfish","Sebastes miniatus"
"1092","vermilion rockfish","Sebastes miniatus"
"1093","california scorpionfish","Scorpaena guttata"
"1094","squarespot rockfish","Sebastes hopkinsi"
"1095","california scorpionfish","Scorpaena guttata"
"1096","california scorpionfish","Scorpaena guttata"
"1097","california scorpionfish","Scorpaena guttata"
"1098","california scorpionfish","Scorpaena guttata"
"1099","california scorpionfish","Scorpaena guttata"
"1100","california scorpionfish","Scorpaena guttata"
"1101","california scorpionfish","Scorpaena guttata"
"1102","brown rockfish","Sebastes auriculatus"
"1103","california scorpionfish","Scorpaena guttata"
